<ImportExportXml xmlns:xsi="http://www.w3.org/2001/XMLSchema-instance">
  <Entities></Entities>
  <Roles></Roles>
  <Workflows>
    <Workflow WorkflowId="{4cb84a1c-0e12-ef11-9f89-000d3ab165a2}" Name="Get Next Working Day Example Usage">
      <JsonFileName>/Workflows/GetNextWorkingDayExampleUsage-4CB84A1C-0E12-EF11-9F89-000D3AB165A2.json</JsonFileName>
      <Type>1</Type>
      <Subprocess>0</Subprocess>
      <Category>5</Category>
      <Mode>0</Mode>
      <Scope>4</Scope>
      <OnDemand>0</OnDemand>
      <TriggerOnCreate>0</TriggerOnCreate>
      <TriggerOnDelete>0</TriggerOnDelete>
      <AsyncAutodelete>0</AsyncAutodelete>
      <SyncWorkflowLogOnFailure>0</SyncWorkflowLogOnFailure>
      <StateCode>1</StateCode>
      <StatusCode>2</StatusCode>
      <RunAs>1</RunAs>
      <IsTransacted>1</IsTransacted>
      <IntroducedVersion>1.0.0.0</IntroducedVersion>
      <IsCustomizable>1</IsCustomizable>
      <BusinessProcessType>0</BusinessProcessType>
      <IsCustomProcessingStepAllowedForOtherPublishers>1</IsCustomProcessingStepAllowedForOtherPublishers>
      <PrimaryEntity>none</PrimaryEntity>
      <LocalizedNames>
        <LocalizedName languagecode="1033" description="Get Next Working Day Example Usage" />
      </LocalizedNames>
    </Workflow>
  </Workflows>
  <FieldSecurityProfiles></FieldSecurityProfiles>
  <Templates />
  <EntityMaps />
  <EntityRelationships />
  <OrganizationSettings />
  <optionsets />
  <CustomControls />
  <SolutionPluginAssemblies>
    <PluginAssembly FullName="NextWorkingDayGovUK, Version=1.0.0.0, Culture=neutral, PublicKeyToken=742335ea14186de4" PluginAssemblyId="0bce29f3-c834-489a-a7d0-3734887abd22" CustomizationLevel="1">
      <IsolationMode>2</IsolationMode>
      <SourceType>0</SourceType>
      <IntroducedVersion>1.0</IntroducedVersion>
      <FileName>/PluginAssemblies/NextWorkingDayGovUK-0BCE29F3-C834-489A-A7D0-3734887ABD22/NextWorkingDayGovUK.dll</FileName>
      <PluginTypes>
        <PluginType AssemblyQualifiedName="Actions.GetNextWorkingDay, NextWorkingDayGovUK, Version=1.0.0.0, Culture=neutral, PublicKeyToken=742335ea14186de4" PluginTypeId="5e109bd1-0e66-48ec-9ecb-6065c4a894f2" Name="Actions.GetNextWorkingDay">
          <FriendlyName>f7d89597-8e44-4da2-a379-befcbd2c84a0</FriendlyName>
        </PluginType>
      </PluginTypes>
    </PluginAssembly>
  </SolutionPluginAssemblies>
  <EntityDataProviders />
  <connectionreferences>
    <connectionreference connectionreferencelogicalname="new_sharedcommondataserviceforapps_e3f11">
      <connectionreferencedisplayname>Microsoft Dataverse GetNextWorkingDay-e3f11</connectionreferencedisplayname>
      <connectorid>/providers/Microsoft.PowerApps/apis/shared_commondataserviceforapps</connectorid>
      <iscustomizable>1</iscustomizable>
      <statecode>0</statecode>
      <statuscode>1</statuscode>
    </connectionreference>
  </connectionreferences>
  <Languages>
    <Language>1033</Language>
    <Language>1053</Language>
  </Languages>
</ImportExportXml>