<customapiresponseproperty uniquename="Output">
  <description default="A Date &lt;WorkingDays&gt; working days from now based on the region selected">
    <label description="A Date &lt;WorkingDays&gt; working days from now based on the region selected" languagecode="1033" />
  </description>
  <displayname default="Output">
    <label description="Output" languagecode="1033" />
  </displayname>
  <iscustomizable>1</iscustomizable>
  <name>Output</name>
  <type>1</type>
</customapiresponseproperty>