<customapi uniquename="govuk_getNextWorkingDay">
  <allowedcustomprocessingsteptype>0</allowedcustomprocessingsteptype>
  <bindingtype>0</bindingtype>
  <description default="A Custom Action providing the next working day from a time and date you specify factoring in UK Bank Holidays.">
    <label description="A Custom Action providing the next working day from a time and date you specify factoring in UK Bank Holidays." languagecode="1033" />
  </description>
  <displayname default="Get Next Working Day">
    <label description="Get Next Working Day" languagecode="1033" />
  </displayname>
  <iscustomizable>1</iscustomizable>
  <isfunction>0</isfunction>
  <isprivate>0</isprivate>
  <name>govuk_getNextWorkingDay</name>
  <plugintypeid>
    <plugintypeexportkey>5e109bd1-0e66-48ec-9ecb-6065c4a894f2</plugintypeexportkey>
  </plugintypeid>
  <workflowsdkstepenabled>0</workflowsdkstepenabled>
</customapi>